FragmentID, NarrID, SessionStartDate, SessionEndDate, ServerEntryDate,1.1 La educación deberá enfocarse en-Cumplir con el plan de estudios,1.1 La educación deberá enfocarse en-El desarrollo socio emocional del estudiante,1.1 La educación deberá enfocarse en-Quality,1.1 La educación deberá enfocarse en-X,1.1 La educación deberá enfocarse en-Y,1.1 La educación deberá enfocarse en-NA,1.2 Estudiantes necesitan cultivar-Habilidades prácticas para la vida,1.2 Estudiantes necesitan cultivar-Fundamentos para un aprendizaje continuo,1.2 Estudiantes necesitan cultivar-Comprensión del mundo que los rodea,1.2 Estudiantes necesitan cultivar-X,1.2 Estudiantes necesitan cultivar-Y,1.2 Estudiantes necesitan cultivar-NA,1.3 Los colegios deben enfocarse en que los estudiantes...-Reflexionen sobre lo aprendido,1.3 Los colegios deben enfocarse en que los estudiantes...-Apliquen los conocimientos,1.3 Los colegios deben enfocarse en que los estudiantes...-Experimenten con lo aprendido,1.3 Los colegios deben enfocarse en que los estudiantes...-X,1.3 Los colegios deben enfocarse en que los estudiantes...-Y,1.3 Los colegios deben enfocarse en que los estudiantes...-NA,"1.4 Vamos a tener que repensar-El plan de estudios, los horarios, las normas y las políticas",1.4 Vamos a tener que repensar-Cómo se invierten y se gestionan los recursos educativos,1.4 Vamos a tener que repensar-La formación y cualificación de los docentes,1.4 Vamos a tener que repensar-X,1.4 Vamos a tener que repensar-Y,1.4 Vamos a tener que repensar-NA,1.5 El cambio será liderado por-Secretarías y Ministerio,1.5 El cambio será liderado por-Docentes y rectores,1.5 El cambio será liderado por-Estudiantes y padres,1.5 El cambio será liderado por-X,1.5 El cambio será liderado por-Y,1.5 El cambio será liderado por-NA,1.6 Papel del docente-Mostarle nuevos mundos y posibilidades a los estudiantes,1.6 Papel del docente-Ayudarle a los estudiantes a alcanzar sus objetivos,1.6 Papel del docente-Dar soporte emocional a los estudiantes,1.6 Papel del docente-X,1.6 Papel del docente-Y,1.6 Papel del docente-NA,2.1 se animará a los estudiantes a aprender-...individualmente / independiente,2.1 se animará a los estudiantes a aprender-...socialmente / en grupo,2.1 se animará a los estudiantes a aprender-X,2.1 se animará a los estudiantes a aprender-NA,2.2 El aprendizaje será...-Liderado por el docente,2.2 El aprendizaje será...-Liderado por el estudiante,2.2 El aprendizaje será...-X,2.2 El aprendizaje será...-NA,"3.1 En general, se verán cambios en las áreas de ... (escoja hasta 2)_La comunidad y las relaciones","3.1 En general, se verán cambios en las áreas de ... (escoja hasta 2)_La filosofía del colegio","3.1 En general, se verán cambios en las áreas de ... (escoja hasta 2)_El aprendizaje y el crecimiento","3.1 En general, se verán cambios en las áreas de ... (escoja hasta 2)_Los problemas como oportunidades","3.1 En general, se verán cambios en las áreas de ... (escoja hasta 2)_Los premios y los reconocimientos","3.1 En general, se verán cambios en las áreas de ... (escoja hasta 2)_autonomía y el soporte","3.1 En general, se verán cambios en las áreas de ... (escoja hasta 2)_El desarrollo en general del estudiante","3.1 En general, se verán cambios en las áreas de ... (escoja hasta 2)_El crecimiento personal y los logros","3.1 En general, se verán cambios en las áreas de ... (escoja hasta 2)_otrro",Other_theme,4.1 I am a...,4.2 Género,4.3 Experience in education,4.4 Experience in institution,4.5 Levels taught_Preescolar,4.5 Levels taught_Básica primaria,4.5 Levels taught_Básica Secundaria,4.5 Levels taught_Media,4.6 Age,4.7 Professional qualifications,City,IE,Describa brevemente qué deben hacer las instituciones educativas y los docentes para prepararse para ofrecer una mejor educación de acuerdo con los retos actuales y futuros. Por favor resuma sus pensamientos en un párrafo corto.,Title,Utopia,Dystopia,ProjectID,ApplicationName,SessionID,Language
7d772f73-c2d1-4ba4-95f1-5716bed2deaf,160,,15:03.2,15:13.4,8.835.164,28.205.124,62.959.705,0.77062273,0.24425639,,59.438.484,64.102.554,3.415.126,0.3735639,0.05551284,,7.122.627,6.324.786,2.962.951,0.61253446,0.54772645,,7.737.778,15.384.613,72.376.103,0.14929917,0.13323076,,7.441.146,18.376.068,7.212.471,0.16400506,0.15913677,,18.265.154,7.478.632,6.948.523,0.44341683,0.6476496,,17.675.781,8.232.422,0.8232422,,3.254.064,6.745.936,0.67459357,,,,,1,,,1,,,,Docente,Hombre,De 11 a 20 años,De 6 a 10 años,,1,,,Entre 31 y 40 años,Normalista,Cali,I.E.T.I. Luz Haydeé Guerrero Molina,"Las instituciones educativas deben ofrecer un mayor apoyo a la educación en el enfoque tecnológico tanto en lo material refiriéndome a elementos como tablets computadores internet entre otros como en la capacitación a docentes mejorando las practicas educativas la didáctica de aprendizaje y los métodos educativos. Ya que la tecnología, la programación y los medios informáticos son el futuro.",#laeducaciondelmañana,"Imagino que cada aula de clases tiene ya su vídeo proyector cada estudiante cuenta con un computador, el tablero es digital y las clases son muy interactivas.","la educación sin apoyo del gobierno sin siquiera una biblioteca en la institución en las aulas continúan los estudiantes, el maestro y el tablero con sus escasos materiales de trabajo y ejerciendo la misma didáctica de hace 60 años. copiar memorizar recitar...",FutureTeacher_Colombia2020,"SenseMakerÂ New WebCollector; Mozilla/5.0 (Windows NT 6.3; Win64; x64) AppleWebKit/537.36 (KHTML, like Gecko) Chrome/83.0.4103.116 Safari/537.36",0fb9135e-718b-4bf0-b8ce-7f203b9b8012,es
bf949b21-663d-4db2-aa05-81e15f05cbdb,8,,25:25.1,25:27.2,869.062,8.290.598,8.403.394,0.4985639,0.71796584,,74.462.757,59.829.025,8.657.082,0.89562273,0.051811963,,9.977.596,0,0.22403494,0.002240349,0,,6.830.386,42.735.066,8.889.611,0.91032857,0.037008546,,29.465.282,9.145.299,56.004.834,0.5132698,0.7919829,,48.444.676,9.059.829,4.557.241,0.4985639,0.7845812,,0.10821223,99.891.785,0.9989179,,4.791.227,5.208.773,0.5208773,,1,,1,,,,,,,,Docente,Mujer,Más de 20 años,De 11 a 20 años,,1,,,Entre 41 y 50 años,Magister,Cali,I.E. Manuel María Mallarino,"Pienso que es necesario que las Instituciones abran sus puertas y sean un verdadero puente entre el currículo y la comunidad, pero esto solo se consigue con un cambio de actitud entre directivos y docentes para poder llegar a nuestros padres y a las diferentes comunidades. Los docentes debemos dejar de pensar como personas de siglo XX, que nos actualicemos en temas cognitivos y tecnológicos y sobre todo que entendamos que el eje de la educación son nuestros chicos, desde este punto de vista, debemos permitir que ellos alcancen competencias para que afronten los retos que la vida trae a diario y se desenvuelvan en un mundo globalizado y cambiante.",HUMANICEMOS LA EDUCACIÓN,"PERSONAS CON UNA ACTITUD RESILIENTE, EN UN MUNDO TECNOLÓGICO, PERO SIN PERDER SU HUMANIDAD, VALORANDO Y PRESERVANDO NUESTRO PLANETA COMO EL LUGAR DONDE CONVIVIMOS E INTERACTUAMOS EN PAZ Y ARMONIA SIN BRECHAS SOCIALES QUE DIVIDAN Y AMINOREN A LA POBLACIÓN.",UN PLANETA CONSUMIDO PR LA INTELIGENCIA ARTIFICIAL DONDE IMPERA SOLO LO TECNOLOGÍ Y EL SER HUMANO QUEDÓ TOTALMENTE REDUCIDO AL IGUAL QUE NUESTRO AMBIENTE.,FutureTeacher_Colombia2020,"SenseMakerÂ New WebCollector; Mozilla/5.0 (Windows NT 10.0; Win64; x64) AppleWebKit/537.36 (KHTML, like Gecko) Chrome/83.0.4103.106 Safari/537.36 Edg/83.0.478.54",fc837117-68eb-4b54-9f9a-a46766e61d88,es
dac8692d-cac4-4f13-b2f4-4a23c3eb7e01,13,,48:19.7,48:21.8,68.900.933,34.188.004,896.911,0.91400504,0.029606836,,7.625.396,34.188.004,889.558,0.9066521,0.029606836,,8.762.896,55.555.577,8.568.155,0.8845933,0.048111133,,8.288.306,10.256.409,6.860.537,0.11988741,0.08882051,,884.459,8.333.333,782.208,0.4948874,0.72166663,,8.135.277,11.111.108,75.361.276,0.13091682,0.096222214,,9.250.686,74.931.374,0.074931376,,66.960.516,9.330.395,0.9330395,,,,,,1,,,1,,,Docente,Mujer,De 11 a 20 años,De 3 a 5 años,1,,,,Entre 31 y 40 años,Normalista,Cali,Colegio La Fontaine,"Evolucionar con la educación día a día ya que esta en una continua transformación, de la misma manera debemos capacitarnos en las nuevas tecnologías.",#evolucioneducativa,"los estudiantes teniendo un buen manejo de las TIC, manejando plataformas virtuales las cuales les ayuden a fortalecer sus capacidades cognitivas, una generación pensada para la transformación y el cambio llevándolos a ser autónomos y profesionales en cualquier ámbito.","Niños sin escolarización por situaciones económicas; drogadiccion, hurto y vandalismo infantil. Poco manejo de la tecnología para el desarrollo educativo.Colegios con pocos estudiantes.",FutureTeacher_Colombia2020,"SenseMakerÂ New WebCollector; Mozilla/5.0 (Windows NT 6.1; Win64; x64) AppleWebKit/537.36 (KHTML, like Gecko) Chrome/83.0.4103.106 Safari/537.36",52ef19c9-0ad3-49df-9d79-a9eb1d8b3248,es
7ae3e389-be7c-491b-ac55-01f6af40de20,166,,56:12.9,56:15.6,13.197.461,93.589.745,5.090.508,0.5188538,0.81048715,,5.217.366,0,4.782.634,0.47826338,0,,4.850.255,51.282.043,46.369.247,0.48933348,0.044410255,,18.685.205,42.307.697,55.823.784,0.7697763,0.36638463,,53.819.992,46.153.843,0.026169434,0.23103091,0.3996923,,53.567.677,44.444.447,19.878.808,0.24210101,0.38488886,,27.314.545,72.685.455,0.72685456,,59.090.244,40.909.756,0.40909755,,,,1,,,,,1,,,Docente,Mujer,De 11 a 20 años,De 1 a 2 años,,1,,,Entre 41 y 50 años,Licenciado,Cali,I.E. Isaías Duarte Cancino,Debemos hacer un análisis de las necesidades y contextos que viven los estudiantes para poder enfocarnos en lo real.,# El futuro en tus manos.,Cambios en la enseñanza aprendizaje.Autonomía en el aprendizaje y pensar. Mucha independencia. Cambios en los entornos académicos.,Demasiada libertad.Flexibilidad de normas. Pensamientos abiertos y manejables. Falta de comunicación y experiencias personales.,FutureTeacher_Colombia2020,"SenseMakerÂ New WebCollector; Mozilla/5.0 (Linux; Android 7.0; TRT-LX3) AppleWebKit/537.36 (KHTML, like Gecko) Chrome/83.0.4103.106 Mobile Safari/537.36",8c1f41f9-30f0-47bf-93fc-bb956a2dbded,es
8361895d-c4b3-4a39-b3d8-01a28f31f070,167,,18:43.5,18:51.3,15.861.305,6.709.402,17.044.676,0.50591683,0.5810342,,18.623.375,1.965.812,61.718.506,0.7154756,0.1702393,,60.167.496,19.658.121,20.174.389,0.30003446,0.1702393,,17.724.682,6.410.257,18.172.756,0.50224036,0.5551282,,19.682.323,62.393.166,17.924.511,0.49121094,0.5403248,,61.116.455,19.230.774,19.652.765,0.29268152,0.16653848,,6.864.971,9.313.503,0.9313503,,7.375.686,26.243.137,0.26243138,,1,,,1,,,,,,,Docente,Mujer,De 3 a 5 años,De 1 a 2 años,,1,,,Entre 41 y 50 años,Licenciado,Cali,I.E. Isaías Duarte Cancino,"Tanto las Instituciones Educativas como los docentes  debemos profundizar en la enseñanza-aprendizaje virtual porque este llego para quedarse, pero queda el gran recto en las familias de conseguir los equipos y las condiciones para acceder a esta nueva forma de aprendizaje, que permite la autonomía del Estudiante, pero un mayor compromiso y madurez, siendo responsable para lograr sus objetivos.",LAS ESCUELAS DEL FUTURO,"Una educación màs virtualizada, un uso mas favorable de las herramientas digitales, una educación que llega a todos los rincones del mundo y donde en cada casa habrá los elementos necesarios para el aprendizaje. sera una educación mas incluyente y enriquecedora culturalmente porque cada estudiante donde quiera que este podrá mostrar a los demás sus tradiciones y costumbres.","Que la brecha educativa sea mas grande, hoy avanzan lo estudiantes que tienen los medios para hacerlo (equipos tecnológicos y coneccion), pero las familias que no tienen las condiciones se irán quedando cada día mas atrás.",FutureTeacher_Colombia2020,"SenseMakerÂ New WebCollector; Mozilla/5.0 (Windows NT 6.2; ) AppleWebKit/537.36 (KHTML, like Gecko) Chrome/83.0.4103.116 Safari/537.36",8387cc28-dd02-48f0-8498-55b71842b70f,es
8bf743f8-67f2-4a14-8f94-a03cf3d9d4ac,18,,47:04.1,47:07.9,26.695.902,27.777.779,4.552.632,0.5941521,0.24055557,,1.601.528,1.752.137,66.463.356,0.75224036,0.15173505,,16.382.927,1.752.137,6.609.571,0.7485639,0.15173505,,17.143.362,14.529.915,6.832.673,0.75591683,0.12582906,,14.544.694,1.752.137,67.933.945,0.76694626,0.15173505,,13.048.967,20.512.817,6.643.821,0.76694626,0.17764102,,5.990.551,4.009.449,0.4009449,,121.014.595,87.898.544,0.8789854,,1,1,,,,,,,,,Otro,Mujer,Menos de un año,Menos de un año,,,,1,Entre 31 y 40 años,Magister,Cali,Colegio Central de Comercio,abc,abc,abc,abc,FutureTeacher_Colombia2020,"SenseMakerÂ New WebCollector; Mozilla/5.0 (Windows NT 10.0; Win64; x64) AppleWebKit/537.36 (KHTML, like Gecko) Chrome/83.0.4103.106 Safari/537.36 Edg/83.0.478.54",81dc62a5-79e9-473d-9b62-55324882c2e0,es
21f30f4f-d3e1-494d-b2c1-eb9c026f3549,20,,45:39.8,45:45.0,10.701.746,7.777.778,11.520.476,0.50409365,0.67355555,,11.498.098,7.692.308,1.157.882,0.5004036,0.66615385,,9.594.738,7.777.778,12.627.482,0.5151637,0.67355555,,9.717.741,11.111.108,7.917.116,0.8472671,0.096222214,,94.780.445,7.948.718,11.034.773,0.50778365,0.68835896,,8.992.347,8.119.658,9.811.076,0.50409365,0.7031624,,18.531.978,98.146.805,0.981468,,39.905.548,96.009.445,0.96009445,,1,,1,,,,,,,,Coordinador,Hombre,Más de 20 años,Más de 20 años,,1,1,1,Entre 51 y 60 años,Especialista,Cali,I.E.T.I. Luz Haydeé Guerrero Molina,"Debe prepararse con la formación de sus docentes para enfrentar nuevos desafíos y acompañar a sus estudiantes en el descubrimiento de sus metas y posibilidades,",#MaestrosHoy,Humanidad global en paz y con seguridad alimentaria para todos.,Seguir viviendo el egoísmo que esclaviza y envilece al género humano,FutureTeacher_Colombia2020,"SenseMakerÂ New WebCollector; Mozilla/5.0 (iPhone; CPU iPhone OS 13_5_1 like Mac OS X) AppleWebKit/605.1.15 (KHTML, like Gecko) Version/13.1.1 Mobile/15E148 Safari/604.1",f82a41ff-1711-4670-bff4-8f2a8181abd4,es
f806a3e1-ebe1-460e-829b-7e655f4c0288,169,,54:17.6,54:39.9,21.938.486,5.641.025,21.651.258,0.4985639,0.48851278,,44.402.657,2.692.308,2.867.426,0.421358,0.23315385,,4.593.295,26.068.375,27.998.674,0.4103286,0.22575215,,28.166.489,27.777.779,44.055.733,0.57944626,0.24055557,,32.989.887,35.042.732,31.967.377,0.4948874,0.30347008,,32.681.942,34.188.034,3.313.002,0.50224036,0.29606837,,2.578.389,7.421.611,0.7421611,,4.892.578,5.107.422,0.5107422,,,,1,1,,,,,,,Docente,Mujer,De 11 a 20 años,De 3 a 5 años,,,1,,Entre 41 y 50 años,Magister,Cali,I.E.T.I. Luz Haydeé Guerrero Molina,"Considero que debemos promover en la educación, un fortalecimiento desde y para las emociones. Permitiendo de este modo, formar personas que sean capaces de adaptarse a los cambios de nuestra sociedad para el  fomento de la innovación, la creatividad  y el pensamiento creativo para la toma de decisiones que se orienten a la resolución de problemas de forma flexible en un mundo globalizado.",#generarpensamientoparaeldiseñoeducativoinnovador,Se presenta un mundo donde se hace hincapié en el fomento de la creatividad de los estudiantes y en la educación emocional. Dónde las competencias emocionales y sociales sirvan para educar la mente y el corazón.,Que la tecnología cada vez sirva de brecha para que las relaciones humanas y los vínculos afectivos que trascienden en la escuela sean menos importantes y significativos que no se valore la persona mas allá de su capacidad productiva.,FutureTeacher_Colombia2020,"SenseMakerÂ New WebCollector; Mozilla/5.0 (Windows NT 6.3; ) AppleWebKit/537.36 (KHTML, like Gecko) Chrome/83.0.4103.97 Safari/537.36",63f27e72-5983-4b8e-90ae-a47341db1c2a,es
dc182e04-d5b2-4841-969e-eff748691b12,179,,59:14.9,59:40.5,0.8943213,9.444.445,46.612.253,0.51883453,0.817889,,8.917.293,12.820.511,9.545.015,0.10186041,0.011102589,,90.862.625,0.8546982,8.282.678,0.08710027,0.007401657,,86.103.424,11.111.108,27.854.686,0.083410226,0.09622216,,0.85568845,92.307.686,6.836.626,0.52990466,0.7993846,,4.680.356,17.094.039,9.361.023,0.94464946,0.014803469,,16.636.193,9.833.638,0.9833638,,6.051.594,939.484,0.93948406,,,,1,1,,,,,,,Docente,Mujer,Más de 20 años,De 11 a 20 años,,1,,,Entre 41 y 50 años,Magister,Cali,I.E. Manuel María Mallarino,"Capacitarnos en edu avion virtual, pero sobre todo mejorar nuestra actitud para enfrentar los retos y favorecer es a nuestros estudiantes",Juntos podemos lograrlo,"Estudiantes altamente competentes, en un .undo globalizado, con tecnología sostenible, autoconservable y culturalmente evolucionado",Inteligencia artificial,FutureTeacher_Colombia2020,"SenseMakerÂ New WebCollector; Mozilla/5.0 (Linux; Android 9; SM-J610G) AppleWebKit/537.36 (KHTML, like Gecko) Chrome/83.0.4103.106 Mobile Safari/537.36",005d0db9-57e4-4609-92e2-1fac1cd807a4,es
dd9eae75-f47b-4ba7-bf38-543b2580e516,23,,53:27.7,53:30.6,118.894.615,3.974.359,48.366.943,0.6823874,0.34417948,,47.893.738,4.273.504,9.371.222,0.3073874,0.37008545,,8.838.308,46.581.196,44.580.498,0.67871094,0.40339315,,10.060.655,448.718,4.506.755,0.67503446,0.38858974,,37.932.705,4.059.829,21.469.004,0.41768152,0.3515812,,1.315.895,63.675.213,23.165.836,0.55003446,0.55142736,,23.756.863,7.624.314,0.7624314,,74.601.456,25.398.544,0.25398543,,,,,,,,1,1,,,Docente,Hombre,De 3 a 5 años,Menos de un año,,,1,1,Entre 21 y 30 años,Profesional no licenciado,Cali,Colegio Central de Comercio,"las instituciones deben reorganizar su metodología de estudio con el fin de lograr objetivos específicos y obviamente el principal que es que el estudiante aprenda, teniendo en cuenta las nuevas herramientas de hoy en día.",#mejoreduacion,la tecnología ha ido avanzado rápidamente y este cambio significativo afectará en el futuro cercano la forma de educar y de aprender. la información que antes era dificl de obtener ahora se encuentra rápidamente y los trabajo o tareas se pueden resolver sin mucho inconveniente.,"un futuro posible podría ser que los estudiante al tener la facilidad de obtener todo a un solo paso, no sientan la necesidad de aprender de la vida.",FutureTeacher_Colombia2020,"SenseMakerÂ New WebCollector; Mozilla/5.0 (Windows NT 10.0; Win64; x64) AppleWebKit/537.36 (KHTML, like Gecko) Chrome/83.0.4103.116 Safari/537.36",d3c80db5-69d1-45eb-939b-8b7efff2b4ca,es
c2335e81-ff9f-4747-85eb-2766c8008da8,24,,55:18.5,55:22.5,25.034.616,0.4273529,9.706.919,0.97282857,0.00370088,,0.42641646,38.461.533,9.572.743,0.97650504,0.033307716,,0.11848146,29.914.553,9.689.007,0.983858,0.025906008,,38.200.877,0,9.617.992,0.96179914,0,,0.50183105,94.871.796,4.626.372,0.52062273,0.82158977,,94.082.146,25.641.022,33.537.488,0.046357997,0.022205127,,8.794.605,12.053.948,0.12053949,,1.632.443,8.367.557,0.8367557,,,,1,,,1,,,,,Docente,Mujer,De 11 a 20 años,De 3 a 5 años,,,1,,Entre 51 y 60 años,Licenciado,Cali,Colegio Central de Comercio,Las instituciones deberán capacitar a sus equipo docente en las nuevas técnicas y herramientas necesarias para el desafió actual. Los docentes debemos estar abiertos a las nuevas formas de enseñanza para que nuestro trabajo sea mas efectivo,#2020desafioeducativo,"Educación a partir de las tics, autonomía",La educacion tradicional,FutureTeacher_Colombia2020,"SenseMakerÂ New WebCollector; Mozilla/5.0 (Windows NT 10.0; Win64; x64) AppleWebKit/537.36 (KHTML, like Gecko) Chrome/83.0.4103.106 Safari/537.36",4e183a6a-7e0a-41ac-b5f5-120ff88058eb,es
a721b6d9-9472-4271-bcfb-999983190ee8,25,,35:49.1,35:53.9,0.25310546,9.573.592,4.010.967,0.5187893,0.82907313,,8.223.638,55.579.224,12.205.705,0.14984666,0.048131574,,12.320.437,0.002357483,8.767.721,0.8767839,2.04E+02,,8.203.043,0.8570633,9.093.989,0.9136843,0.00742215,,2.406.211,9.658.356,10.102.344,0.4930201,0.8364136,,8.612.116,0.002372742,13.876.468,0.13877654,2.05E+02,,11.691.457,8.830.854,0.8830854,,8.707.703,912.923,0.912923,,,,1,,,,,1,,,Orientador escolar,Hombre,De 3 a 5 años,De 1 a 2 años,1,1,1,1,Entre 21 y 30 años,Profesional no licenciado,Cali,Colegio Central de Comercio,PROMOVER ESPACIOS DE APRENDIZAJE SIGNIFICATIVO,#DESCUBRIENDOELMUNDOAMIMANERA,"Herramientas de ciencia, tecnología e innovación para todos los estudiantes",Deserción estudiantil en un porcentaje mayor,FutureTeacher_Colombia2020,"SenseMakerÂ New WebCollector; Mozilla/5.0 (Linux; Android 9; MRD-LX3) AppleWebKit/537.36 (KHTML, like Gecko) Chrome/83.0.4103.106 Mobile Safari/537.36",ac90968e-37ed-4588-887b-a2a70c288e76,es
68980141-4968-4c3b-a37b-915e218b664a,32,,53:48.3,53:53.1,19.647.758,60.256.405,20.095.835,0.50224036,0.5218205,,3.448.561,32.051.285,33.463.104,0.4948874,0.2775641,,3.405.826,32.905.983,3.303.575,0.4948874,0.2849658,,3.227.973,32.051.285,3.566.898,0.51694626,0.2775641,,35.092.075,28.632.477,36.275.448,0.50591683,0.24795727,,33.869.728,30.341.879,3.578.839,0.5095933,0.2627607,,4.656.092,5.343.908,0.5343908,,5.061.497,4.938.503,0.4938503,,1,,1,,,,,,,,Docente,Mujer,Más de 20 años,De 1 a 2 años,,1,,,Entre 41 y 50 años,Especialista,Cali,I.T.I. San Juan Bosco,"Considero que es importante conocer el contexto en el que se mueven en este momento nuestros estudiantes en las diferentes edades, cuales son sus realidades sociales, familiares económicas y a partir de allí generar propuestas que en un primer momento les genere motivación a conocer, aprender,  a buscar respuestas y por que no a generar cambios de sus realidades.",# qué busco en la escuela.           #para qué quiero ir a la escuela.,"La escuela se ha convertido en un espacio donde se apoya la construcción de sueños, donde aprendo lo que necesito para ser persona social y profesional.","Las escuelas han desaparecido, los jóvenes aprenden desde casa con ayuda de las herramientas tecnológicas.",FutureTeacher_Colombia2020,"SenseMakerÂ New WebCollector; Mozilla/5.0 (Windows NT 10.0; Win64; x64) AppleWebKit/537.36 (KHTML, like Gecko) Chrome/83.0.4103.106 Safari/537.36 Edg/83.0.478.54",46334b3c-c3b2-41f1-8833-2f346342d516,es
31132709-132b-46e5-8aff-5460dd1cc077,33,,51:14.5,51:21.5,0.5458276,52.136.757,4.731.742,0.733858,0.4515043,,1.893.861,35.470.085,62.636.047,0.80371094,0.30717096,,47.852.886,38.461.533,4.830.096,0.50224036,0.033307716,,13.919.382,10.683.763,7.539.686,0.8073874,0.092521384,,38.482.605,5.641.025,51.071.434,0.3331227,0.48851278,,717.091,14.957.269,13.333.633,0.2081227,0.12952994,,0.10821223,99.891.785,0.9989179,,14.595.628,98.540.436,0.9854044,,1,,1,,,,,,,,Docente,Hombre,Más de 20 años,Más de 20 años,,1,1,,Entre 41 y 50 años,Licenciado,Cali,I.T.I. San Juan Bosco,"Primero que todo entender y discernir sobre las dinámicas sociales y culturales a las cuales se enfrentan los jóvenes actualmente, para de esa manera poder plantear estrategias que permitan dar solución en gran medida a dichas necesidades, las cuales en parte dependerán de una cualificación docente que ayude a mitigar su impacto.",#masporlaeducacion,"Una educación donde se propenda por el pensamiento colectivo y conciencia ambiental, sin dejar de lado el conocimiento interdisciplinar.",Que se caiga en aquellos factores que en la historia de la educación han sido motivo de segregación y han impedido el desarrollo del ser y de la integralidad.,FutureTeacher_Colombia2020,"SenseMakerÂ New WebCollector; Mozilla/5.0 (Windows NT 10.0; Win64; x64) AppleWebKit/537.36 (KHTML, like Gecko) Chrome/83.0.4103.106 Safari/537.36",96a2eac6-e0af-4d3a-a09f-b78f184a5b77,es
4c9559dd-2302-4391-90ff-7528957fff38,37,,50:21.3,50:24.6,0.64009356,34.188.004,959.411,0.97650504,0.029606836,,19.221.439,0.8546982,9.722.316,0.97650504,0.007401709,,4.068.315,17.094.039,94.222.275,0.9507698,0.014803418,,94.817.444,25.641.022,26.184.547,0.039005056,0.022205127,,331.093,3.333.333,33.557.373,0.50224036,0.28866664,,9.454.407,38.461.533,1.609.782,0.035328586,0.033307716,,2.460.146,75.398.544,0.7539854,,5.247.308,47.526.924,0.47526923,,,,,,,,1,,1,Investigación,Docente,Mujer,De 3 a 5 años,De 1 a 2 años,,,1,,Entre 21 y 30 años,Magister,Cali,Colegio Central de Comercio,"guiar al estudiante a un aprendizaje practico, donde identifiquen la aplicación de la teoría en los diferentes campos profesionales, sin dejar de lado la base del conocimiento.",#aprender.practicar.innovar,El mejor futuro posible: aplicación del conocimiento teórico al ejercer practicas investigativas en diferentes áreas.,"El peor futuro posible: Educación tradicionalista, basada solo en la teoría, sin visión a nuevas investigaciones.",FutureTeacher_Colombia2020,"SenseMakerÂ New WebCollector; Mozilla/5.0 (Windows NT 10.0; Win64; x64) AppleWebKit/537.36 (KHTML, like Gecko) Chrome/83.0.4103.116 Safari/537.36",925ce8a1-be4a-44a6-a6dd-24d8d077eca6,es
d411ccf2-a317-4254-87d2-f3c3c1082749,161,,57:54.9,57:58.4,9.413.344,5.940.171,31.184.948,0.608858,0.5144188,,46.819.077,8.119.659,45.061.264,0.49121094,0.07031626,,46.297.462,76.923.065,46.010.235,0.4985639,0.06661538,,46.570.835,64.102.554,47.018.913,0.50224036,0.05551284,,5.922.268,4.358.974,50.487.988,0.72282857,0.37748715,,46.551.983,46.153.843,72.941.723,0.30371094,0.3996923,,7.709.563,92.290.436,0.9229044,,18.689.293,8.131.071,0.8131071,,,,1,,,,,1,,,Docente,Hombre,Más de 20 años,De 11 a 20 años,,,1,1,Entre 41 y 50 años,Magister,Cali,I.E.T.I. Luz Haydeé Guerrero Molina,"Los retos actuales y futuros exigen que las Instituciones Educativas es introducir de una manera eficaz, las tecnologías de la comunicación e Información en el sector educativo y que tanto docentes, como padres de familia y estudiantes tengan acceso y cuenten con los conocimientos para hacer uso de estas en el aprendizaje de los estudiantes.",Tecnología educativa,Estudiantes que salen al mundo real y pueden interactuar de la mejor manera con el entorno que lo rodea y pueden cumplir con los propositos que se planteen.,Estudiantes con problemas de socialización y que solo trabaja de forma individual.,FutureTeacher_Colombia2020,"SenseMakerÂ New WebCollector; Mozilla/5.0 (Windows NT 6.3; Win64; x64) AppleWebKit/537.36 (KHTML, like Gecko) Chrome/83.0.4103.116 Safari/537.36",08075a8d-14af-432f-841a-5e30bb56c1e3,es
5f0db621-2cc2-43b3-8fd6-7118c9d9e130,40,,53:53.2,53:57.3,9.105.407,8.547.005,8.234.759,0.86621094,0.07401709,,5.086.431,55.555.573,8.935.801,0.921358,0.048111133,,54.540.677,55.555.577,8.899.038,0.9176815,0.048111133,,4.778.476,4.700.859,9.052.066,0.92871094,0.040709425,,4.630.791,9.102.564,43.435.645,0.4985639,0.78828204,,8.949.128,51.282.043,53.805.213,0.079446234,0.044410255,,26.419.997,97.358,0.97358,,0.95281005,9.904.719,0.9904719,,,,1,,,,,1,,,Docente,Mujer,De 11 a 20 años,De 3 a 5 años,,1,,,Entre 31 y 40 años,Licenciado,Cali,I.T.I. San Juan Bosco,"Considero primero que los docentes debemos buscar la autoformación para nuestro que hacer pedagógico pero también considero necesario que la institución donde proporcionamos nuestros servicios, debe propiciar espacios para la CUALIFICACIÓN de los docentes y éstos a su vez tener toda la disposición de llevarlo a cabo, buscando siempre la excelencia.",#por más cualificación docente,"EL MEJOR FUTURO POSIBLE Los estudiantes son capaces de manera autónoma y con manejo adecuado de sus emociones generar a través de sus procesos de aprendizaje cambios en su sociedad a nivel crítico, científico y tecnológico.","La educación ha avanzado muy poco, no se observan mayores cambios en los procesos de los estudiantes, no son generadores de cambios.",FutureTeacher_Colombia2020,"SenseMakerÂ New WebCollector; Mozilla/5.0 (Windows NT 10.0; Win64; x64) AppleWebKit/537.36 (KHTML, like Gecko) Chrome/83.0.4103.106 Safari/537.36",16e1faa9-ee9e-42aa-b966-59110dcb86ee,es
0a9652df-5b1a-4243-9012-2281f253d3de,44,,54:16.9,54:20.8,37.096.288,9.102.564,52.647.266,0.5077755,0.78828204,,697.881,14.957.269,1.525.463,0.22733265,0.12952994,,77.143.965,10.691.392,81.594.215,0.8693991,0.092587456,,31.856.411,35.470.085,326.735,0.5040854,0.30717096,,31.973.112,3.376.068,34.266.205,0.5114655,0.29236752,,370.611,3.760.683,25.332.066,0.4413548,0.3256752,,3.340.541,6.659.459,0.6659459,,20.824.766,7.917.523,0.79175234,,,1,1,,,,,,,,Coordinador,Hombre,De 6 a 10 años,De 6 a 10 años,,,1,,Entre 31 y 40 años,Licenciado,Cali,Colegio Central de Comercio,"Deben tener un mayor sentido social e involucrar aún más al estudiantes en su propio proceso de aprendizaje, impactando de igual manera su entorno, contexto y familia.",La nueva educación: Rompiendo paradigmas,"Una educación de calidad, incluyente y en igualdad de condiciones para todos y todas. Con excelente sentido social y capacitada para ofrecer las herramientas necesarias y permitir a los individuos desemvolverse en un papel determinante en su sociedad.","La educación hecha un negocio y atrapada por intereses personales o particulares sin sentido social y que carece de principios y valores.No incluyente, sistemática y anclada en las prácticas de la educación tradicional.",FutureTeacher_Colombia2020,"SenseMakerÂ New WebCollector; Mozilla/5.0 (Linux; Android 9; SM-A207M) AppleWebKit/537.36 (KHTML, like Gecko) Chrome/83.0.4103.106 Mobile Safari/537.36",c484336c-9756-4f3f-a1d1-2576f5d22f2d,es
608a3c14-c827-4d47-993f-3d06abc37808,46,,50:30.7,50:35.3,9.251.749,9.829.063,8.091.919,0.85833716,0.08511968,,77.575.775,8.974.365,13.449.857,0.17937039,0.07771797,,16.101.976,6.623.932,17.658.707,0.50778365,0.5736325,,,,,,,1,6.561.155,16.666.672,17.721.785,0.26055118,0.14433335,,6.343.616,18.803.421,17.760.422,0.27162132,0.1628376,,39.500.594,9.604.994,0.9604994,,76.883.736,9.231.163,0.92311627,,,,,1,,,1,,,,Docente,Hombre,Más de 20 años,Más de 20 años,,,,1,Entre 41 y 50 años,Normalista,Cali,I.T.I. San Juan Bosco,"Formar jóvenes polivalentes y honrados, con fuertes valores y emprendedores.",#yosoyelfuturo,•Una comunidad donde se piense un los objetivos comunes.,"• Una sociedad sin valores ni ideales, sin respeto por los demás.",FutureTeacher_Colombia2020,"SenseMakerÂ New WebCollector; Mozilla/5.0 (X11; Linux x86_64) AppleWebKit/534.24 (KHTML, like Gecko) Chrome/71.0.3578.141 Safari/534.24 XiaoMi/MiuiBrowser/12.2.6-g",ce6bd27f-5490-4f8f-ab14-7fc721064198,es
aad3ba33-c110-4d59-b885-e34eaf719c6f,50,,44:23.7,44:29.9,8.385.815,0.42735288,9.118.683,0.91400504,0.00370088,,19.818.457,0,9.801.815,0.9801815,0,,10.674.417,25.641.022,96.368.454,0.97650504,0.022205127,,0.29758272,0.4273529,9.927.507,0.9948874,0.00370088,,1.365.957,98.290.596,0.34344727,0.4948874,0.8511966,,9.582.611,12.820.511,2.891.833,0.035328586,0.011102589,,98.587.944,14.120.566,0.014120566,,4.791.227,5.208.773,0.5208773,,1,,,1,,,,,,,Docente,Mujer,De 11 a 20 años,De 3 a 5 años,,,1,,Entre 51 y 60 años,Licenciado,Cali,Colegio Central de Comercio,"las instituciones educativas deben preparar a su cuerpo docente para enfrentar las cambios  asi entregar calidad educativa, los docentes debemos prepararnos en las diferentes competencias para que el proceso enseñanza aprendizaje sea efectivo",#educacionparaunnuevomundo.,"La educación sera a partir de las tics, educación autónoma, critica",La educacion tradicional,FutureTeacher_Colombia2020,"SenseMakerÂ New WebCollector; Mozilla/5.0 (Windows NT 10.0; Win64; x64) AppleWebKit/537.36 (KHTML, like Gecko) Chrome/83.0.4103.106 Safari/537.36",4e183a6a-7e0a-41ac-b5f5-120ff88058eb,es
0de084c3-b5eb-43b1-b922-b36017fdaceb,52,,52:32.2,52:36.8,123.702.345,12.820.511,8.634.772,0.8698874,0.011102589,,9.441.524,0.42735296,51.574.173,0.053710938,0.00370088,,38.200.877,0,9.617.992,0.96179914,0,,9.588.582,0.42735296,36.868.296,0.039005056,0.00370088,,0.26301757,98.290.596,14.463.867,0.50591683,0.8511966,,9.242.303,0,7.576.976,0.07576976,0,,9.791.227,20.877.323,0.020877322,,0.7838905,9.921.611,0.9921611,,,,1,,,,,1,,,Docente,Mujer,Más de 20 años,De 3 a 5 años,1,1,,,Entre 31 y 40 años,Licenciado,Cali,Colegio La Fontaine,Las instituciones educativas deben fortalecer en estudiantes y docentes el uso de las TIC y en el material necesario para alcanzar los logros en estudiantes.,#hashtagusoTIC,"El ideal para el 2030 es que tendremos a estudiantes y a una sociedad más avanzada en cuanto al uso de la tecnología. Creo que habrá mayor autonomía en la toma de decisiones ,la educación será más práctica.","Creo que el peor escenario para el 2030 es que las personas hayan utilizado la tecnología de una manera inadecuada para otros fines. Que haya más violencia,que las personas olviden su identidad cultural y personal. Pérdida de valores.",FutureTeacher_Colombia2020,"SenseMakerÂ New WebCollector; Mozilla/5.0 (Windows NT 6.1; WOW64) AppleWebKit/537.36 (KHTML, like Gecko) Chrome/83.0.4103.106 Safari/537.36",b4bcf33f-d33d-4041-948e-94064f75ff0a,es
cab47b9e-e588-4733-9841-cb84cbb11f0b,170,,03:07.4,03:29.4,33.049.595,34.188.034,3.276.237,0.4985639,0.29606837,,3.326.327,3.376.068,32.976.048,0.4985639,0.29236752,,29.765.907,31.196.579,3.903.751,0.546358,0.2701624,,3.026.239,34.615.387,35.122.223,0.52429914,0.29976922,,32.040.916,35.470.085,32.488.995,0.50224036,0.30717096,,3.427.194,3.247.863,33.249.428,0.4948874,0.28126493,,5.027.713,4.972.287,0.49722868,,50.446.053,49.553.947,0.4955395,,,,,1,,,,1,,,Rector,Hombre,Más de 20 años,De 11 a 20 años,,,1,,Entre 51 y 60 años,Magister,Cali,I.E.T.I. Luz Haydeé Guerrero Molina,Es importante pensar en una educación emocional que le permita a las personas ser capaces de flexibilizar sus acciones y pensamientos en la medida que se impulsa la creatividad y el pensamiento critico para abordar las problemáticas reales de nuestra sociedad.,#unaeducacionparaelmundomoderno,"Un mundo con capacidad creativa, que permita expresar las emociones de forma asertiva para pensar y actuar de forma efectiva.",Un mundo donde las relaciones humanas se centren en las interacciones a traves de medios digitales y que no permitan valorar la vida misma.,FutureTeacher_Colombia2020,"SenseMakerÂ New WebCollector; Mozilla/5.0 (Windows NT 6.3; ) AppleWebKit/537.36 (KHTML, like Gecko) Chrome/83.0.4103.97 Safari/537.36",8833d8e2-8cad-4c48-9e0b-6d70413c90ef,es
756b102d-7d44-48d2-b9b4-8b1af0babbae,171,,00:01.8,00:09.0,6.062.429,61.965.805,31.971.764,0.6295467,0.5366239,,11.739.165,38.461.533,9.497.993,0.9690301,0.033307716,,0.99020505,95.726.494,32.833.006,0.5114655,0.8289915,,0.054459658,54.214.382,45.731.148,0.7291777,0.47000855,,0.003825684,53.418.804,46.577.374,0.7328677,0.46260685,,80.49,6.837.609,12.672.393,0.16091198,0.05921367,,2.943.635,97.056.366,0.97056365,,13.938.844,9.860.612,0.98606116,,1,,,,,1,,,,,Docente,Mujer,Más de 20 años,De 1 a 2 años,,1,,,Entre 51 y 60 años,Licenciado,Cali,I.E. Isaías Duarte Cancino,Formar y preparar  los docentes en el uso de nuevas tecnologías.Dotar las instituciones de herramientas tecnológicas y conectividad para ponerse al día de las nuevas exigencias del mundo actual y comprender que debemos evolucionar,Mente abierta a los cambios del mundo,Un trabajo más grupal y con pleno dominio de las herramientas tecnológicas donde unos apoyan  otros,El individualismo y deseo de pasar por encima de otros para lograr los propósitos,FutureTeacher_Colombia2020,"SenseMakerÂ New WebCollector; Mozilla/5.0 (Linux; Android 9; SM-A207M) AppleWebKit/537.36 (KHTML, like Gecko) Chrome/83.0.4103.106 Mobile Safari/537.36",86f6b4b9-5a95-4351-8e54-aa5b388aef9a,es
30346eea-c816-41c2-95dc-ffaf02cee979,172,,54:16.2,54:30.0,0.08109375,57.692.307,422.266,0.7107275,0.49961537,,3.972.535,12.820.358,58.992.622,0.59633636,0.011102434,,48.115.437,0,51.884.567,0.5188456,0,,0.8774512,5.683.761,42.284.943,0.70703745,0.49221367,,0.27584717,52.136.757,47.587.402,0.7365578,0.4515043,,49.431.396,482.906,22.780.006,0.26423302,0.4181966,,3.724.885,96.275.116,0.96275115,,46.717.625,53.282.375,0.53282374,,1,1,,,,,,,,,Docente,Hombre,De 6 a 10 años,De 3 a 5 años,,,1,,Entre 31 y 40 años,Profesional no licenciado,Cali,I.E. Isaías Duarte Cancino,"Las instituciones deberían repensar sus prácticas pedagógicas, en pro de aterrizarlas al contexto de la comunidad que se impactá.Por otro lado, los estudiantes se beneficiarían de que sus docentes sean cualificados, en la medida que estos últimos facilitarían sus conocimientos en una relación enseñanza-aprendizaje.Un ejemplo serían las instituciones etnoeducativas donde es probable que algunos  docentes no logrén entender el objetivo de un PEC, si se compara con una institución mayoritaria que posee un PEI.",La pertinencia desde la escuela,"Una educación, que en general,  que se logró alejar de los convencionalismos y propende a la equidad y al reconocimiento de la interculturalidad.","Seguir defendiendo un modelo educativo que desde ciertas lógicas, desconoce el hecho de que nuestras comunidades no conocen sino una versión de lo que se enseña.",FutureTeacher_Colombia2020,"SenseMakerÂ New WebCollector; Mozilla/5.0 (Linux; Android 9; motorola one macro) AppleWebKit/537.36 (KHTML, like Gecko) Chrome/83.0.4103.106 Mobile Safari/537.36",c0a63953-ebcf-4b0e-a599-da2057164d12,es
b516c853-a6b8-494e-a0f8-91154a5f8d97,60,,48:26.7,48:43.5,1.022.157,22.649.576,6.712.885,0.7845364,0.19614531,,17.350.124,12.820.511,6.982.937,0.7623962,0.11102563,,3.228.058,58.974.354,8.745.066,0.38232243,0.510718,,7.211.199,23.504.272,6.928.453,0.8103667,0.20354702,,9.148.464,7.350.427,17.347.263,0.540994,0.63654697,,71.554.245,18.803.421,9.642.338,0.19044049,0.1628376,,11.463.225,98.853.676,0.9885368,,20.808.995,979.191,0.979191,,,1,,,,1,,,,,Docente,Mujer,De 6 a 10 años,De 1 a 2 años,,,1,,Entre 21 y 30 años,Profesional no licenciado,Cali,Colegio Central de Comercio,"En primer lugar un diagnóstico sobre los recursos humanos, tecnológicos y de información con los que cuentan. Para poder definir metas con rutas claras y alcanzables favoreciendo a toda la comunidad educativa, padres de familia, estudiantes y profesores. Es indispensable que se definan rutas, fechas, modelos homogéneos en todas las asignaturas y que la información sea publicada de manera estratégica.",Identificación de rutas para la educación virtual en comunidades pobres,"Optimista, se aprovechó el auge de la tecnología para innovar de manera estratégica la educación permitiendo nuevas formas de conocimiento y valores como los AUTOS, que generaron que estos adultos fueran eficientes y eficaces, la educación llegó a todas las clases sociales y permitió una homogenización.","Pesimista, algunos directivos y políticos se aprovecharon de la coyuntura, hicieron pantallazo de sus supuestas gestiones y generaron más pobreza y desigualdad educativa, mostrando falsos positivos de innovación educativa.",FutureTeacher_Colombia2020,"SenseMakerÂ New WebCollector; Mozilla/5.0 (Linux; Android 10; motorola one) AppleWebKit/537.36 (KHTML, like Gecko) Chrome/83.0.4103.106 Mobile Safari/537.36",b403f64c-c124-45ff-816e-1ba74817edc9,es
2aa92138-ba18-4c29-9c24-3479384ff18d,63,,43:08.3,43:16.5,9.245.483,8.290.597,784.855,0.49301532,0.7179657,,21.488.834,0.8546982,7.765.647,0.7808382,0.007401709,,18.555.725,59.829.025,7.546.137,0.78452826,0.051811963,,15.349.807,20.512.817,64.137.375,0.74393785,0.17764102,,798.314,8.247.862,9.538.237,0.5077755,0.71426487,,11.991.709,2.136.757,8.587.154,0.8693991,0.018504297,,2.162.385,97.837.616,0.97837615,,8.988.951,10.110.485,0.10110485,,,,1,,,,,,,,Docente,Mujer,De 1 a 2 años,De 1 a 2 años,1,,,,Entre 21 y 30 años,Licenciado,Cali,Colegio Central de Comercio,"Debemos de ser más  conscientes al desafío en el cual  estamos pasando ,y así  trabajar en equipo  para recolectar ideas y llevar acabo el desafío  eficazmente.",#EnEquipoSeTrabajaMejor,Avances en la tecnología,Se da más importancia a las clases virtuales que presenciales.,FutureTeacher_Colombia2020,"SenseMakerÂ New WebCollector; Mozilla/5.0 (Linux; Android 10; SM-A207M) AppleWebKit/537.36 (KHTML, like Gecko) Chrome/83.0.4103.106 Mobile Safari/537.36",14886fed-d311-40f8-8959-9365996ed718,es
13183402-7378-412e-a6ea-427d4d81b805,67,,32:53.0,33:48.2,2.027.936,38.461.533,7.587.449,0.7779756,0.033307716,,0.3132959,9.230.769,7.379.009,0.53532857,0.7993846,,3.164.185,1.709.404,6.664.874,0.67503446,0.014803418,,29.376.265,25.641.022,6.805.963,0.69341683,0.022205127,,19.472.802,9.786.325,0.18946777,0.49121094,0.8474957,,8.758.391,0.8546981,11.561.392,0.11988741,0.007401709,,0.6149709,9.938.503,0.9938503,,0.10821223,99.891.785,0.9989179,,1,,,,,,,1,,,Docente,Mujer,Más de 20 años,De 6 a 10 años,,1,,,Entre 51 y 60 años,Licenciado,Cali,Colegio La Fontaine,"los directivos, docentes e infraestructura del plantel , deberán ser actualizado prepararse para enfrenar las nuevas generaciones , dado que el estudiante del presente,  del futuro está delante enfrenado con habilidad la tecnología.mucho docentes se están quedando atrás ,cuando ho su papel es de orientador  debe estar bien formado  estructurado intelectual  emocionalmente para responder las expectativas de sus estudiantes.",el cambio promueve un futuro sostenibilidad  aporte.,cualquier entorno seria un sitio  de aprendizaje dado los avances tecnológicos como proyecciones holográficos que harían desde una  aula de clase hasta un labmaker.,"seria que llegaramos al 2030 donde no ha avances cada quien busca, por su  su lado ,los estudiantes hayan perdido sus horizontes seguimos igual de atrasados en el desarrollo global.",FutureTeacher_Colombia2020,"SenseMakerÂ New WebCollector; Mozilla/5.0 (Windows NT 6.1; WOW64) AppleWebKit/537.36 (KHTML, like Gecko) Chrome/83.0.4103.97 Safari/537.36",c61b82c8-23ab-4b75-9cb9-4e8d37d8e7e7,es
5bad60fc-f880-4a18-9dc8-40f555a7ab51,173,,23:54.1,23:58.1,62.836.385,6.837.609,8.687.875,0.9029756,0.05921367,,46.904.883,9.017.095,51.385.646,0.50224036,0.78088033,,9.532.755,76.923.065,8.277.494,0.86621094,0.06661538,,69.812.207,8.632.478,6.693.994,0.4985639,0.74757266,,25.784.641,48.717.945,25.497.416,0.4985639,0.4218974,,8.606.304,6.837.609,70.993.476,0.10518152,0.05921367,,38.244.307,9.617.557,0.9617557,,3.203.389,6.796.611,0.6796611,,,,,1,,,,1,,,Docente,Hombre,Más de 20 años,Más de 20 años,,,1,,Entre 51 y 60 años,Especialista,Cali,I.E. Manuel María Mallarino,"Lo principal  es gestionar bien los recursos y emplearlos  en  la capacitación continua,para de esta manera ser competitivos",RESPONSABILIDAD,Que la educación vaya de la mano con los cambio tecnológicos y mediante ella las expectativas de vida para la humanidad van a ser mayores,Que cada día aumente la desigualdad social,FutureTeacher_Colombia2020,"SenseMakerÂ New WebCollector; Mozilla/5.0 (Windows NT 6.3; Win64; x64) AppleWebKit/537.36 (KHTML, like Gecko) Chrome/83.0.4103.116 Safari/537.36",50cb9256-9509-47c9-86bc-e6de0ca000fd,es
9fb97653-4451-46ea-98fc-192765411004,180,,06:50.4,06:58.7,63.936.033,0,9.360.639,0.9360639,0,,10.385.131,8.945.292,0.16194448,0.44709328,0.7771795,,1.577.332,25.641.022,81.662.575,0.82944626,0.022205127,,76.662.354,9.230.769,0.026069338,0.46179917,0.7993846,,7.771.714,0,22.282.858,0.22282858,0,,9.793.774,0,20.622.702,0.020622702,0,,0.44605136,9.955.395,0.9955395,,9.875.686,12.431.377,0.012431377,,,,1,,,,,1,,,Docente,Mujer,De 11 a 20 años,Menos de un año,,1,,,Entre 41 y 50 años,Licenciado,Cali,I.E. Isaías Duarte Cancino,"pinenso que desde  el ministerio de Educacion  deben equipar masa instituciones para brindar un mejor sericio , los directivos y docentes estar prestos para el cambio y asi desarrollar mas habilidades en los discentes en  un futuro",mis nuevos aprendizajes,"estudiantes seguros de sus habilidades, competentes en las nuevas tendencias educativas con sostenibilidad, capaces de dar soluciones futuras.","que las instituciones educ no se dispongan, no gestionen para mejorar su nivel educativo",FutureTeacher_Colombia2020,"SenseMakerÂ New WebCollector; Mozilla/5.0 (Windows NT 10.0; WOW64) AppleWebKit/537.36 (KHTML, like Gecko) Chrome/83.0.4103.116 Safari/537.36",5f0c9ca6-c9f7-4a85-96db-1f266d9f8dfd,es
fcf2965f-2fde-4296-a2eb-0216770487db,74,,47:49.9,48:39.7,8.018.168,0.42735288,91.554.474,0.9176815,0.00370088,,65.287.256,9.017.095,3.300.327,0.483858,0.78088033,,9.686.935,21.367.567,0.9938916,0.020622702,0.018504297,,10.233.482,55.555.577,8.421.097,0.8698874,0.048111133,,36.221.142,9.230.769,40.701.904,0.50224036,0.7993846,,8.906.393,5.982.902,49.531.717,0.079446234,0.051811963,,29.500.103,7.049.989,0.70499897,,7.612.173,23.878.273,0.23878273,,,,1,,,1,,,,,Docente,Hombre,De 11 a 20 años,De 1 a 2 años,,,1,1,Entre 41 y 50 años,Profesional no licenciado,Cali,Colegio Central de Comercio,"Las instituciones educativas deben proporcionar a los docentes capacitaciones de actualización del que hacer pedagógico, el modelo y metodología para orientar a los educandos en el contexto social y ambiental de la ciudad, la región y el mundo, con la debida aplicación de los conocimientos según la situación que se presente.",#actualizaciondocente,"Autonomía y educación virtual para el desarrollo personal integral de los individuos de forma remota, bien estructurada y organizada.","Continuación de la educación presencial, alineante y rígida.",FutureTeacher_Colombia2020,"SenseMakerÂ New WebCollector; Mozilla/5.0 (Windows NT 6.1; ) AppleWebKit/537.36 (KHTML, like Gecko) Chrome/83.0.4103.116 Safari/537.36",624a6c52-df9e-4072-afac-160bb22d41eb,es
6074c4ca-f5ff-466c-a80d-2d3ce89632e1,78,,53:53.8,53:59.7,42.222.943,2.136.757,93.640.945,0.9470933,0.018504297,,8.906.393,5.982.902,49.531.717,0.079446234,0.051811963,,61.893.606,55.555.577,8.825.509,0.91032857,0.048111133,,23.400.636,94.871.796,27.881.396,0.50224036,0.82158977,,3.369.062,32.905.983,33.403.393,0.4985639,0.2849658,,49.387.355,9.188.034,3.180.923,0.49121094,0.79568374,,9.774.335,22.566.512,0.022566512,,,,,1,,,1,,,,,1,,,Docente,Mujer,De 3 a 5 años,De 3 a 5 años,,1,,,Entre 31 y 40 años,Normalista,Cali,Colegio La Fontaine,"las instituciones educativas deben prestar a los docentes las herramientas necesarias para asumir los posibles retos que se presenten, preparándolos para el futuro, en cuanto a la educación y la forma de impartir dichos conocimientos a los estudiantes, hay que tener en cuenta que el mundo evoluciona a diario y por ende también la educación.",educación actual y futura,"el mejor futuro posible seria, una educación basada en valores","el peor futuro posible, que solo se pensara en la superación económica, es importante pero no esencial.",FutureTeacher_Colombia2020,"SenseMakerÂ New WebCollector; Mozilla/5.0 (Windows NT 6.1; Win64; x64) AppleWebKit/537.36 (KHTML, like Gecko) Chrome/83.0.4103.106 Safari/537.36",d7b04d25-bc72-4c15-ac31-744b02518dea,es
e7bc42b8-29fa-4035-8adf-c952672347b9,162,,14:09.5,14:13.0,77.667.894,30.341.879,6.189.133,0.77062273,0.2627607,,5.751.541,10.256.409,32.228.184,0.3735639,0.08882051,,7.659.954,55.555.553,36.784.492,0.64562273,0.48111114,,2.620.571,11.111.108,6.268.319,0.6823874,0.096222214,,6.239.639,49.572.647,44.187.717,0.68974036,0.42929912,,59.699.295,3.162.393,8.676.775,0.24488741,0.27386323,,3.317.672,9.668.233,0.9668233,,1.919.605,8.080.395,0.8080395,,,,1,,,1,,,,,Docente,Mujer,De 11 a 20 años,De 3 a 5 años,,1,,,Entre 41 y 50 años,Licenciado,Cali,I.E.T.I. Luz Haydeé Guerrero Molina,"Considero que deben estar dispuestos a afrontar los nuevos retos, a prepararse y capacitarse de forma continua de tal manera que ayuden a desarrollar en los estudiantes habilidades y competencias que les permitan alcanzar sus objetivos y enfrentarse a la vida",Los nuevos retos del educador,El mejor futuro posible en la educacion seria el desarrollo del potencial de los estudiantes que les permita desempeñarse con competencia en su vida mediante el trabajo colaborativo en medio de una sociedad mas justa y equitativa y que les permita un desarrollo sostenible para todos.,"El peor futuro lo veo como una educación tradicionalista, repetitiva e individualista sin el desarrollo de competencias laborales y personales que le permitan al individuo su desarrollo en todos los aspectos de tu vida",FutureTeacher_Colombia2020,"SenseMakerÂ New WebCollector; Mozilla/5.0 (Windows NT 10.0; Win64; x64) AppleWebKit/537.36 (KHTML, like Gecko) Chrome/83.0.4103.116 Safari/537.36 Edg/83.0.478.56",9efa1209-86f1-4ceb-9557-0cdc004dd942,es
2ec7064f-ef3a-49a4-b6d3-ee8710e62061,85,,39:34.2,39:36.7,67.612.596,0,9.323.874,0.9323874,0,,91.320.076,0,8.679.917,0.086799175,0,,91.320.076,0,8.679.917,0.086799175,0,,1.017.174,8.547.005,9.043.582,0.9470933,0.07401709,,0.36670882,4.700.859,94.932.434,0.97282857,0.040709425,,98.826.996,0.4273529,0.7456525,0.00959329,0.00370088,,19.663.215,98.033.676,0.9803368,,0.6149709,9.938.503,0.9938503,,1,,,,,,,1,,,Docente,Mujer,De 1 a 2 años,De 1 a 2 años,,1,1,,Entre 21 y 30 años,Licenciado,Cali,Colegio Central de Comercio,"Las instituciones (directivas y docentes) deben tener buen conocimiento de las características de su comunidad y a partir de allí diseñar sus planes, proyectos, diseños, es decir amoldarse a las necesidades de los estudiantes",Piensa en los tuyos,El estudiante autodidácta,El estudiante sin educación,FutureTeacher_Colombia2020,"SenseMakerÂ New WebCollector; Mozilla/5.0 (Windows NT 10.0; Win64; x64) AppleWebKit/537.36 (KHTML, like Gecko) Chrome/83.0.4103.106 Safari/537.36",71824a42-0f6c-4533-a36a-822b3040b7dd,es
7c06db0d-5ce5-459c-a77f-b98e1f39576c,147,,02:32.7,02:33.8,10.821.089,4.188.034,4.729.857,0.6823874,0.36268374,,37.750.454,24.786.324,37.463.223,0.4985639,0.21464956,,32.587.677,32.905.983,3.450.634,0.5095933,0.2849658,,3.326.327,3.376.068,32.976.048,0.4985639,0.29236752,,33.169,3.247.863,34.352.367,0.50591683,0.28126493,,3.417.767,31.196.579,34.625.748,0.50224036,0.2701624,,31.189.293,6.881.071,0.6881071,,0.10821223,99.891.785,0.9989179,,1,,,,,,1,,,,Docente,Mujer,De 6 a 10 años,De 1 a 2 años,,,1,,Entre 21 y 30 años,Magister,Cali,I.E. Manuel María Mallarino,"Primero los docentes deben recibir formación acerca de las estrategias para asumir nuevos retos (comunidad de aprendizaje, educación socioemocional, aprendizaje colaborativo) para lograr que sus aulas sean mas dialógicas. Igualmente, se deben flexibilizar los planes de estudio para que el objetivo de formación no sean solo los contenidos.",#aprendiajeencomunidadyparalavida,Que las instituciones contaran con los recursos sufucientes para tenr aulas dotadas de TIC así como laboratorios que permitieran un aprendizaje mediado por estas herrrameintas para que sea más significativo para los estudiantes. Igualemente que se trabajaran competencias que preparen a los estudiantes para afrontar diferentes situaciones cotidianas a traves de los contenidos escolares.,Que después de tanto cambios que se han tenido que abordar las clases sigan siendo conductistas y las institucionaes exigiendo resultados cuantitativos.,FutureTeacher_Colombia2020,"SenseMakerÂ New WebCollector; Mozilla/5.0 (Windows NT 6.3; Win64; x64) AppleWebKit/537.36 (KHTML, like Gecko) Chrome/83.0.4103.116 Safari/537.36",90270c46-a737-4d38-b886-4bde5135589e,es
93b22e62-9103-49b3-99c5-5089b199da8a,89,,00:49.6,00:55.9,3.333.022,17.094.039,94.957.565,0.95812273,0.014803418,,506.998,25.641.022,467.361,0.48018152,0.022205127,,0.3227246,47.435.898,5.224.138,0.7595933,0.41079488,,0.37614504,59.829.056,39.794.796,0.6970933,0.51811963,,0.16066615,673.044,32.534.943,0.66400504,0.58473504,,56.289.925,4.358.974,0.12033936,0.21915211,0.37748715,,21.054.161,7.894.584,0.7894584,,9.166.227,8.337.732,0.083377324,,,,1,,,,,1,,,Docente,Hombre,De 3 a 5 años,De 3 a 5 años,,,1,,Entre 21 y 30 años,Profesional no licenciado,Cali,I.T.I. San Juan Bosco,"Prepararse en la educación orientada y enfocada hacia el futuro, por medio de la utilización de TIC'S y nuevas estrategias de aprendizaje, donde el estudiante pueda reflexionar sobre el conocimiento adquirido y de como lo beneficiara en el futuro tanto en su formación personal como profesional.",Educación con enfoque hacia el futuro,"Una educación orientado hacia la preparación de los estudiantes hacia su futuro y el logro de sus metas, con la utilización de diferentes herramientas y recursos digitales.",Una educación sin proyección y sin ánimos de reinventarse para buscar el beneficio de los estudiantes.,FutureTeacher_Colombia2020,"SenseMakerÂ New WebCollector; Mozilla/5.0 (Windows NT 10.0; Win64; x64) AppleWebKit/537.36 (KHTML, like Gecko) Chrome/80.0.3987.163 Safari/537.36",95249596-f7b2-456b-bf3e-a89cb2261017,es
bdc89399-41a9-4108-baa0-12e7237e01de,178,,57:08.0,57:23.2,0.51396483,0,9.948.604,0.99486035,0,,8.868.535,11.111.106,0.20354185,0.05759095,0.096222214,,0.45562056,0.8546982,98.689.674,0.9911703,0.007401709,,0.42087892,9.317.511,6.404.014,0.5299157,0.80689645,,3.461.448,3.290.599,32.479.527,0.48932526,0.28496587,,8.650.192,13.247.864,7.810.195,0.84725887,0.11472651,,4.822.359,5.177.641,0.5177641,,58.920.002,41.079.998,0.41079998,,,,1,,,1,,,,,Docente,Mujer,De 3 a 5 años,De 1 a 2 años,,1,,,Entre 31 y 40 años,Licenciado,Cali,Colegio La Fontaine,Actualizarse aa nivel tecnológico Y estar preparados para dar.soporte a los estudiantes enfrentandojuntos lo nuevo,#convirtiendoretosenoportunodades,Aulas virtuales,Sin acceso a redes y soporte,FutureTeacher_Colombia2020,"SenseMakerÂ New WebCollector; Mozilla/5.0 (Linux; Android 10; SM-A305G) AppleWebKit/537.36 (KHTML, like Gecko) Chrome/83.0.4103.106 Mobile Safari/537.36",2a8a1bb0-b822-4e3f-b977-27f720ff19a0,es
b07d3733-2eac-448e-a263-51680ef29ddc,174,,48:54.8,48:58.5,0.21903077,4.102.564,58.755.333,0.7926815,0.35528204,,3.610.075,27.350.426,36.548.824,0.50224036,0.23685469,,48.185.966,1.709.404,5.010.463,0.5095933,0.014803418,,33.228.703,3.162.393,35.147.366,0.5095933,0.27386323,,4.533.906,5.299.145,16.694.874,0.28165212,0.45890597,,33.502.083,30.341.879,36.156.036,0.5132698,0.2627607,,52.135.242,47.864.758,0.4786476,,51.121.723,48.878.273,0.48878273,,,,1,1,,,,,,,Docente,Mujer,Más de 20 años,Más de 20 años,,1,,,Entre 51 y 60 años,Especialista,Cali,I.E. Manuel María Mallarino,"formación docente en el ámbito de las tecnologías, las habilidades para la vida y otro idioma aparte de la lengua materna.",Docentes al día en tendencias.,"CONDICIONES DIGNAS ( ECONÓMICAS, SOCIALES, CULTURALES ETC) EN PRO DEL MEJORAMIENTO CONTINUO EN LAS INSTITUCIONES EDUCATIVAS",CONDICIONES POR DEBAJO DE LAS ACTUALES.,FutureTeacher_Colombia2020,"SenseMakerÂ New WebCollector; Mozilla/5.0 (Windows NT 10.0; Win64; x64) AppleWebKit/537.36 (KHTML, like Gecko) Chrome/83.0.4103.116 Safari/537.36",d273eb04-c299-45e8-9b52-a6c029f323ac,es
b8efa548-fefe-4c4a-b1f5-f8624d415c0a,92,,00:56.8,01:04.3,8.358.423,94.017.105,8.223.987,0.8694073,0.0814188,,8.067.476,55.555.577,8.637.697,0.8915475,0.048111133,,0.939707,72.649.612,91.795.334,0.9542781,0.06291455,,50.373.783,94.017.105,85.560.905,0.90261763,0.0814188,,5.418.218,87.606.834,6.974.946,0.50778365,0.7586752,,8.758.955,84.615.395,66.256.547,0.48933348,0.73276925,,13.981.592,8.601.841,0.8601841,,9.450.847,9.054.916,0.90549153,,,,1,1,,,,,,,Coordinador,Hombre,Más de 20 años,De 6 a 10 años,,,1,,Entre 51 y 60 años,Licenciado,Cali,Colegio Central de Comercio,Debemos enfocar los planes de estudio en aprendizajes acordes con lo que se está viviendo en el mundo laboral y los objetivos de desarrollo sostenibles  dar más importancia a los intangibles que puede dar más oportunidades,Ajustes de los aprendizajes,"Un mundo más justo, con mucha tecnología al servicio de las comunidades, pensando en la sostenibilidad de todos los recursos naturales y del medio ambiente. La educación teniendo en cuenta la autonomía de los estudiantes",Unas comunidades sin importarles el medio ambiente insensible a todos los cambios que se requieren,FutureTeacher_Colombia2020,"SenseMakerÂ New WebCollector; Mozilla/5.0 (iPhone; CPU iPhone OS 13_5_1 like Mac OS X) AppleWebKit/605.1.15 (KHTML, like Gecko) Version/13.1.1 Mobile/15E148 Safari/604.1",e3e2b08b-818a-4559-a1be-b84ebfcc9554,es
4be97c4f-79f3-4d0d-8544-fef8b4524fd1,163,,04:29.2,04:34.5,55.640.454,48.717.945,4.571.801,0.7007698,0.4218974,,8.982.847,4.188.034,4.913.681,0.7007698,0.36268374,,9.693.007,448.718,45.435.196,0.67871094,0.38858974,,66.324.196,46.581.196,46.786.385,0.7007698,0.40339315,,44.430.943,42.307.697,13.261.363,0.34415212,0.36638463,,13.360.052,3.974.359,46.896.355,0.6676815,0.34417948,,19.364.971,8.063.503,0.8063503,,178.447,821.553,0.821553,,,,,,,1,1,,,,Docente,Hombre,Más de 20 años,De 6 a 10 años,,,1,,Entre 41 y 50 años,Magister,Cali,I.E. Isaías Duarte Cancino,"Las instituciones educativas ubicadas en sectores vulnerables cuyos salones de clase no se diferencian en nada de aulas de hace cien años, donde solo hay tablero y pupitres deben gestionar los recursos por para dotar de una tecnología mínima los salones, no puede ser que en plena era digital solo haya una sala de sistemas con 40 computadores para 2000 estudiantes y sin acceso a internet, cuando hay conectividad el acceso es restringido a redes porque los maestros no sabemos como darle uso a favor del aprendizaje.",tecnología cero,"que la escuela sea un escenario en el que los chicos puedan explorar, inspirar y transformar su propia realidad, la de su familia y la de su entorno cercano (comunidad)",Continuar con escuelas alejadas de la era digital en la que se esta desarrollando el mundo y con modelos pedagógicos que siguen privilegaindo el conductismo,FutureTeacher_Colombia2020,"SenseMakerÂ New WebCollector; Mozilla/5.0 (Windows NT 6.1; Win64; x64) AppleWebKit/537.36 (KHTML, like Gecko) Chrome/83.0.4103.116 Safari/537.36",1a04ae91-5ba1-4532-a073-15bbfefde0ca,es
acd2f398-c0dd-4f94-9050-af32eaac9686,182,,16:23.8,16:29.3,441.083,4.700.859,90.888.306,0.9323874,0.040709425,,6.151.655,8.504.273,8.805.611,0.5132698,0.73647004,,10.601.129,55.555.577,8.384.332,0.86621094,0.048111133,,987.526,10.683.763,7.944.098,0.84782857,0.092521384,,,,,,,1,856.954,6.837.609,7.466.995,0.108858,0.05921367,,3.321.632,66.783.676,0.6678368,,,,,1,1,,,1,,,,,,,Docente,Hombre,De 11 a 20 años,De 1 a 2 años,,,1,,Entre 51 y 60 años,Licenciado,Cali,I.T.I. San Juan Bosco,Ser abiertos al cambio y cualificarse.,Cualificate constantemente,"La educación como una inversin y no un gasto.Gobernantes que les duela, que amen nuestro pais.",Privatización total de la esducación´.Seguir gobernados por la misma clase politica de hoy.,FutureTeacher_Colombia2020,"SenseMakerÂ New WebCollector; Mozilla/5.0 (Windows NT 10.0; Win64; x64) AppleWebKit/537.36 (KHTML, like Gecko) Chrome/83.0.4103.116 Safari/537.36",7d64bd24-221b-481f-ad99-1d544d7c6230,es
44572ab0-8b7e-44ca-92ec-265e28ce09d1,176,,44:56.2,44:46.3,10.214.634,4.529.914,44.486.225,0.671358,0.39229056,,41.562.035,14.957.269,43.480.698,0.5095933,0.12952994,,4.357.938,12.393.166,4.402.746,0.50224036,0.10732481,,31.996.933,28.205.124,3.979.794,0.53900504,0.24425639,,23.038.282,38.034.187,3.892.753,0.57944626,0.32937607,,3.503.237,29.487.185,35.480.446,0.50224036,0.255359,,9.229.833,90.770.164,0.9077017,,14.297.401,857.026,0.857026,,1,,,1,,,,,,,Coordinador,Hombre,Más de 20 años,De 3 a 5 años,,1,,,Entre 51 y 60 años,Magister,Cali,I.E.T.I. Luz Haydeé Guerrero Molina,"Debe existir una comunicación directa y efectiva con estudiantes, padres de familia y egresados, para repensar el curriculo y conectarlo con los proyectos de vida de los estudiantes.",#laescuelaesunproyectodevida,"Estudiantes críticos, pensantes e innovadores, responsables de su propio aprendizaje y del medio ambiente que los rodea","estudiantes automatizados, que no piensan por su mismos e irresponsables con el medio ambiente",FutureTeacher_Colombia2020,"SenseMakerÂ New WebCollector; Mozilla/5.0 (Windows NT 6.3; Win64; x64) AppleWebKit/537.36 (KHTML, like Gecko) Chrome/83.0.4103.116 Safari/537.36",2b7327d0-df23-4b98-9d3c-1c993f5406ca,es
d776c73b-3e68-484c-b4d6-0324ab8c55ba,97,,47:50.6,47:54.6,72.325.983,64.102.554,8.635.715,0.89562273,0.05551284,,72.797.313,8.205.129,1.066.898,0.51694626,0.71056414,,10.516.284,94.017.105,8.008.201,0.84782857,0.0814188,,9.177.673,8.119.658,962.575,0.50224036,0.7031624,,22.026.466,2.094.017,5.703.336,0.67503446,0.1813419,,6.928.954,15.384.613,15.325.844,0.23018153,0.13323076,,18.520.372,8.147.963,0.81479627,,30.006.863,6.999.314,0.6999314,,,1,,1,,,,,,,Docente,Hombre,Más de 20 años,,,,1,1,Entre 51 y 60 años,Licenciado,Cali,I.T.I. San Juan Bosco,"NO PARAR EN SU PROCESO DE FORMACIÓN, SIEMPRE HABRÁ ALGO POR APRENDER.",FORMACIÓN CONTINUA,QUE LA JUVENTUD SE HAYA DADO CUENTA QUE ELLOS SON EL AGENTE DE CAMBIO DE ESTOS GOBIERNOS  CORRUPTOS.,"QUE SE CONTINUÉ CON LA INDIFERENCIA QUE SE TIENE HOY, EL INDIVIDUALISMO.",FutureTeacher_Colombia2020,"SenseMakerÂ New WebCollector; Mozilla/5.0 (Windows NT 10.0; Win64; x64) AppleWebKit/537.36 (KHTML, like Gecko) Chrome/83.0.4103.116 Safari/537.36",5e959644-142f-420f-a00a-05d6f37ca9b3,es
da9c35cc-03bb-4297-9d4f-0d20872bb2a8,102,,28:45.4,28:59.3,5.586.306,0,4.413.694,0.4413694,0,,47.720.535,517.094,0.5700659,0.26424766,0.4478034,,5.448.402,12.820.511,4.423.393,0.4487495,0.011102589,,9.211.452,4.700.859,31.846.251,0.055350553,0.040709425,,4.453.512,55.128.204,0.33667725,0.2790078,0.47741026,,5.185.764,47.863.243,0.2791211,0.24210744,0.4144957,,7.147.938,9.285.206,0.9285206,,44.505.493,55.494.507,0.55494505,,,,1,,,,,,,,Docente,Hombre,De 3 a 5 años,De 3 a 5 años,,,1,1,Entre 31 y 40 años,Doctorado,Cali,I.E. Manuel María Mallarino,"Apoyar estrategias policíacas, pedagógicas y didácticas",Replantiando la educación,Tecnológico,Acceso a la tecnología,FutureTeacher_Colombia2020,"SenseMakerÂ New WebCollector; Mozilla/5.0 (Linux; Android 9; ANE-LX3) AppleWebKit/537.36 (KHTML, like Gecko) Chrome/83.0.4103.106 Mobile Safari/537.36",c8b18d20-c86e-47bc-8b27-b2215d87a452,es
d3b407af-a861-4dec-8953-e005da7932a8,103,,48:40.9,48:44.7,21.476.566,55.128.204,2.339.523,0.5095933,0.47741026,,23.993.532,24.358.978,5.164.749,0.6382698,0.21094874,,20.213.375,17.948.715,61.837.914,0.70812273,0.15543589,,23.126.265,52.564.102,24.309.633,0.50591683,0.4552051,,26.818.449,44.444.447,2.873.711,0.5095933,0.38488886,,54.423.397,28.205.124,17.371.473,0.31474036,0.24425639,,21.467.626,9.785.324,0.9785324,,0.4314959,99.568.504,0.99568504,,1,,1,,,,,,,,Docente,Mujer,De 1 a 2 años,De 1 a 2 años,,,1,1,Entre 21 y 30 años,Licenciado,Cali,Colegio Central de Comercio,"Considero que las instituciones y docentes nos debemos repensar la educación, en el sentido que debemos pensar en formar jóvenes con habilidades donde ellos comprenda el mundo que los rodea y así,  ponga en practica y experimenten lo que aprendieron.",#aprendermejoraelmundo,"El mejor futuro posible es que todos los niños,niñas y jovenes del mundo tenga el derecho a la educación.",El peor escenario para el 2030 es que la educación no se para todos.,FutureTeacher_Colombia2020,"SenseMakerÂ New WebCollector; Mozilla/5.0 (Windows NT 10.0; Win64; x64) AppleWebKit/537.36 (KHTML, like Gecko) Chrome/83.0.4103.106 Safari/537.36",7e0ca608-18ba-4e24-84aa-a85bcc16e090,es
c043fdba-76c3-429f-8c03-e91143d18a92,104,,46:44.9,46:47.0,21.442.623,0.4273529,9.742.839,0.9764206,0.00370088,,9.521.046,4.700.859,0.08867951,0.02439109,0.040709425,,66.232.635,18.376.074,153.912.945,0.2457933,0.15913682,,8.079.072,8.376.068,8.160.244,0.50040585,0.72536755,,62.425.907,2.008.548,1.748.862,0.2753136,0.17394024,,8.571.335,598.291,8.303.742,0.11295198,0.051812015,,9.081.757,9.182.425,0.09182425,,6.480.575,35.194.252,0.35194254,,,1,1,,,,,,,,Docente,Mujer,De 6 a 10 años,Menos de un año,,1,1,1,Entre 21 y 30 años,Profesional no licenciado,Cali,I.T.I. San Juan Bosco,tener aulas virtuales y pensar en el uso de las herramientas tecnológicas al alcance para guiar una clase y que los jóvenes le den una mejor función a todo tipo de dispositivo electrónico ( ejemplo el celular),herramientas y aulas virtuales,el mejor futuro posible concientización por parte de los estudiantes sobre un uso responsable con las tecnologías ya que todo apunta para ese lado.,el pero futuro que en 10 años no hayan avances tecnológicos dentro de las aulas y nos quedemos en un sistema anticuado... el típico tablero de pared.,FutureTeacher_Colombia2020,"SenseMakerÂ New WebCollector; Mozilla/5.0 (Windows NT 10.0; Win64; x64) AppleWebKit/537.36 (KHTML, like Gecko) Chrome/70.0.3538.102 Safari/537.36 Edge/18.18362",0a04858f-bd56-47e3-8e21-41d83e9f3026,es
5ff7e2a7-a60d-4045-9f08-fb98b505cf09,164,,24:36.3,24:50.1,5.598.619,0.8546982,93.546.684,0.93974036,0.007401709,,7.551.126,0,24.488.739,0.24488741,0,,12.062.289,0.42735288,8.751.035,0.87724036,0.00370088,,15.525.094,0.8546983,8.362.022,0.8404756,0.007401709,,786.064,0.4273529,20.966.242,0.21179917,0.00370088,,71.988.754,0.4273529,27.583.889,0.27797565,0.00370088,,0.6149709,9.938.503,0.9938503,,96.729.836,3.270.165,0.03270165,,,1,,,,1,,,,,Docente,Mujer,De 11 a 20 años,Menos de un año,,1,,,Entre 41 y 50 años,Licenciado,Cali,I.E. Isaías Duarte Cancino,pienso que las instituciones deben equiparse de herramientas necesarias que ayuden a los docentes y estudiantes en la aplicación y exploración de las nuevas competencias que nos esta exigiendo en este tiempo.,las innovaciones de hoy,lo mejor que el estudiante sea el gestor de su aprendizaje,"que el docente no ser disponga a mejorar para tener un mejor desempeño con los estudiantes y que los estudintes, no se dispongan",FutureTeacher_Colombia2020,"SenseMakerÂ New WebCollector; Mozilla/5.0 (Windows NT 10.0; WOW64) AppleWebKit/537.36 (KHTML, like Gecko) Chrome/83.0.4103.116 Safari/537.36",5da2c0d8-07e2-492e-ae4f-06d40253f4d0,es
8e39fbd6-3461-4754-9e4a-773d8096f072,106,,46:55.3,47:14.5,0.4954161,29.936.447,9.651.093,0.9800776,0.02592495,,9.544.524,12.871.704,32.675.986,0.039111838,0.011146877,,16.228.336,7.695.236,7.607.643,0.7992405,0.06664078,,13.305.774,4.277.893,9.439.153,0.9653048,0.037046585,,1.441.587,9.188.253,66.758.842,0.5261715,0.79570276,,9.203.056,0.002204895,796.723,0.079683326,1.91E+02,,13.088.697,869.113,0.869113,,50.588.036,4.941.197,0.49411967,,1,,,1,,,,,,,Docente,Mujer,De 11 a 20 años,De 3 a 5 años,,1,,,Entre 31 y 40 años,Normalista,Cali,I.T.I. San Juan Bosco,Consideró que las instituciones deben ir de acuerdo a las s cambios y situaciones que se presentan . El mundo está en constante movimiento y cambio. Prepararnos y capacitarnos constantemente.,#elcambiolohacestu,"Los estudiantes con sus aparatos tecnológicos. Una semana presencial y otra virtual. Cero pobreza , todos por igual disfrutando de los recursos y estrategias innovadoras.",Colegios cerrados porque los padres  de familia se volvieron enemigos. Niños sin educación a falta de docentes incapacitados para trabajar.,FutureTeacher_Colombia2020,"SenseMakerÂ New WebCollector; Mozilla/5.0 (Linux; Android 9; moto g(8) power lite) AppleWebKit/537.36 (KHTML, like Gecko) Chrome/83.0.4103.106 Mobile Safari/537.36",c34ea2ed-6cae-43e0-a0e3-5f14161373ed,es
5f6ab4f9-f9e6-4809-8ae2-d93f3d8e8b2e,107,,48:21.2,48:24.8,66.230.273,8.888.889,44.880.857,0.48932528,0.7697778,,8.476.272,641.024,8.827.039,0.1203216,0.05551269,,13.117.647,72.649.612,7.961.739,0.8324987,0.06291455,,8.458.767,8.974.364,64.379.635,0.10925147,0.07771797,,7.594.414,85.470.085,6.935.498,0.49670538,0.74017096,,8.221.832,8.547.004,9.234.672,0.13508175,0.07401709,,2.162.385,97.837.616,0.97837615,,79.817.566,20.182.428,0.20182428,,1,,,,,,1,,,,Docente,Mujer,De 11 a 20 años,Menos de un año,,1,1,,Entre 31 y 40 años,Licenciado,Cali,I.T.I. San Juan Bosco,"Deben cambiar la mentalidad anacrónica de una enseñanza unidireccional,darle más participación al estudiante, conocer sus habilidades para potenciarlas. Hacer del aula un espacio de aprendizaje colaborativo.",#entretodosaprendemos,"Educación enfocada en la vocación de los estudiantes y que estos sean autónomos, propositivos y emprendedores. En el 2030 el estudiante podrá crear su plan de estudios y las clases tendrán una orientación más práctica e investigativa.",Que el docente no evolucione en su quehacer y siga reproduciendo las practicas educativas antiguas. Alta deserción escolar.,FutureTeacher_Colombia2020,"SenseMakerÂ New WebCollector; Mozilla/5.0 (Linux; Android 9; SAMSUNG SM-J810M) AppleWebKit/537.36 (KHTML, like Gecko) SamsungBrowser/12.0 Chrome/79.0.3945.136 Mobile Safari/537.36",5c3e3bea-9ad9-4f88-a6e8-f1303ddb0439,es
3d662543-7db4-4bfc-a26f-f0751069c5bb,109,,45:45.1,45:43.5,37.760.887,9.273.505,3.488.862,0.4985639,0.80308545,,8.181.568,59.829.025,85.835.526,0.8882698,0.051811963,,7.276.804,76.923.065,19.539.646,0.23385799,0.06661538,,0.19810842,9.662.418,3.177.711,0.51694626,0.840094,,48.990.402,59.829.025,450.267,0.48018152,0.051811963,,8.465.216,5.982.902,9.364.936,0.12356388,0.051811963,,91.831.184,8.168.814,0.081688136,,6.527.132,9.347.287,0.9347287,,,1,,,,1,,,,,Docente,Prefiere no decir,De 1 a 2 años,De 1 a 2 años,,,1,1,Entre 31 y 40 años,Licenciado,Cali,Colegio Central de Comercio,Deben replantear la forma de enseñar y encaminar a los estudiantes a un aprendizaje más autónomo,#aprendizaje,"La educación llegue al 100% de la población, con un aprendizaje más autónomo por parte de los estudiantes",Que exista una total deserción estudiantil,FutureTeacher_Colombia2020,"SenseMakerÂ New WebCollector; Mozilla/5.0 (Windows NT 10.0; Win64; x64) AppleWebKit/537.36 (KHTML, like Gecko) Chrome/83.0.4103.97 Safari/537.36",0a133ce1-ce42-4670-80df-def16e15d990,es
a910d497-9aa4-41f1-9935-e08de159977c,111,,51:25.3,51:33.0,77.007.957,44.444.447,4.785.476,0.7007698,0.38488886,,678.001,51.282.043,27.071.697,0.296358,0.044410255,,10.280.618,8.119.658,8.522.805,0.49121094,0.7031624,,623.451,4.273.506,33.381.397,0.35518152,0.037008546,,75.625.343,8.589.744,65.400.243,0.4948874,0.74387175,,51.991.272,51.282.043,42.880.524,0.45444623,0.044410255,,8.186.497,18.135.029,0.18135029,,9.487.173,51.282.725,0.051282726,,,,,1,,1,,,,,Docente,Mujer,Más de 20 años,De 6 a 10 años,,1,,,Entre 41 y 50 años,Magister,Cali,I.E. Manuel María Mallarino,Las instituciones educativas y los docentes debemos buscar capacitaciones que nos brinden herramientas de apoyo no solo a nivel tecnológico sino psicosocial para atender las necesidades de los educandos y asi replantear los planes de estudio que están diseñados en la actualidad,Buscando alternativas,"Le educación a nivel mundial ha cambiado, ahora los estudiantes se muestran autónomos y apoderados de las nuevas tecnologías para adelantar sus procesos, además la nueva escuela toma parte fundamental en la  preservación de la vida y el medio ambiente",Existe la posibilidad que se aumente el nivel de pobreza y se disminuyan las posibilidades de algunos estudiantes para acceder a las nuevas tecnologías y por ende se vea mayor segregación socio económica,FutureTeacher_Colombia2020,"SenseMakerÂ New WebCollector; Mozilla/5.0 (Windows NT 6.3; WOW64) AppleWebKit/537.36 (KHTML, like Gecko) Chrome/81.0.4044.138 Safari/537.36 OPR/68.0.3618.173 (Edition 360-1)",70a51ad4-9f32-4156-bba2-9ffd671a0ba3,es
e5773b85-a196-4a6e-a5f0-cf5a90b9881d,112,,49:51.2,49:55.4,18.624.389,517.094,46.428.165,0.72282857,0.4478034,,47.425.533,4.700.859,47.873.608,0.50224036,0.040709425,,47.240.204,4.700.859,48.058.937,0.50409365,0.040709425,,25.631.738,49.572.647,4.786.418,0.72650504,0.42929912,,34.361.347,31.196.579,3.444.207,0.5004036,0.2701624,,32.587.677,32.905.983,3.450.634,0.5095933,0.2849658,,638.448,9.361.552,0.9361552,,59.746.385,9.402.536,0.9402536,,1,,,,,,1,,,,Docente,Mujer,De 11 a 20 años,Menos de un año,1,,,,Entre 31 y 40 años,Licenciado,Cali,Colegio La Fontaine,"Las instituciones educativas y los docentes, deben pensarse la educación cómo una oportunidad para impactar la sociedad, y para ello deben estar a la vanguardia, adaptando el proceso educativo a las necesidades puntuales del contexto, particularizando con ello el proceso de enseñanza aprendizaje. Planeando dicho proceso más armónico , participativo y que provoque la autonomía en los estudiantes.",#educación_todos_tomamos_y_hacemos_parte,"El ideal para el 2030, que la educación sea una necesidad vital y el uso de la tecnología sea un apoyo o herramienta para la misma.","La distopia para el 2030, radica en pensar que la tecnología logre avanzar, y con ello logre sobrepasar la acción humana, ya que ahí da paso a inhabilitar la acción pensante o racional, sustituyendo dicha acción por lo artificial.",FutureTeacher_Colombia2020,"SenseMakerÂ New WebCollector; Mozilla/5.0 (Windows NT 6.1; ) AppleWebKit/537.36 (KHTML, like Gecko) Chrome/83.0.4103.106 Safari/537.36",534100da-781b-47ae-bd2a-31d26e612940,es
e3a4af84-cc39-4144-82f3-14d97f3caa94,165,,03:38.2,03:43.7,10.154.929,46.153.843,4.369.123,0.6676815,0.3996923,,62.954.693,19.230.774,17.814.531,0.27429917,0.16653848,,18.375.143,17.948.715,63.676.144,0.72650504,0.15543589,,62.647.777,46.581.196,47.154.026,0.70444626,0.40339315,,3.375.032,32.051.285,341.984,0.50224036,0.2775641,,4.405.386,3.717.949,18.766.645,0.3735639,0.32197437,,22.405.512,7.759.449,0.7759449,,4.723.659,5.276.341,0.5276341,,,,,1,,,1,,,,Docente,Mujer,De 11 a 20 años,De 3 a 5 años,,,1,,Entre 31 y 40 años,Magister,Cali,I.E. Isaías Duarte Cancino,"En mi opinión, las instituciones educativas deberán capacitar a sus docentes en el uso de la tecnología, capacitaciones para el manejo de las emociones, actualización en metodologías de aprendizaje. Los docentes debemos tener pasión, disposición  y amor por lo que hacemos.",#amorporlaeducación,"Contar con una comunidad transformada, que permita el cambio, educandos críticos, reflexivos, oportunidades para todos. Que nuestros jóvenes sean el futuro de Colombia.","Que los jóvenes no se formen en diferentes campos por lo que no podrán hacer parte de las labores que ayudan al fortalecimiento del país. Es decir el gobierno seguirá siendo del mismo linaje no tendremos gente nueva que oriente a un buen futuroNo tendremos Futuros  Docentes, médicos, abogados, economistas, ingenieros, etc.",FutureTeacher_Colombia2020,"SenseMakerÂ New WebCollector; Mozilla/5.0 (Windows NT 6.3; Win64; x64) AppleWebKit/537.36 (KHTML, like Gecko) Chrome/83.0.4103.116 Safari/537.36",777ea18b-34d4-4bb9-b85a-9cc522127766,es
f51fdcfb-9702-4921-948c-6eadc42c32c9,126,,49:33.5,49:45.8,22.181.597,39.335.667,38.482.742,0.5815057,0.34064683,,3.869.367,21.803.375,39.502.956,0.50404644,0.1888172,,2.746.611,29.492.035,43.041.855,0.5778787,0.25540105,,3.789.598,22.654.434,39.449.585,0.50776803,0.19618738,,22.979.202,38.470.043,38.550.755,0.5778578,0.33315057,,43.026.756,28.645.834,28.327.406,0.4265032,0.24807295,,74.074.802,9.259.252,0.9259252,,2.864.592,7.135.408,0.7135408,,,,,1,,1,,,,,Docente,Hombre,De 11 a 20 años,De 3 a 5 años,1,1,,,Entre 41 y 50 años,Licenciado,Cali,Colegio La Fontaine,"Las comunidades educativas tendrán que reestructurarse con respecto a las nuevas herramientas, estrategias y metodologías que se presentan con los últimos acontecimientos. Se hace más evidente la necesidad de que los jóvenes estén rodeados de adultos responsables, críticos y abiertos a sus nuevos procesos y que los estudiantes desarrollen autonomía en sus procesos de aprendizaje.",#resiliencia,El mejor futuro posible será que los estudiantes han desarrollado autonomía escolar y se han hecho responsables de sus propios procesos de aprendizaje. Han aprovechado el exceso de información para desarrollar pensamiento crítico y objetivo que les permite enfrentar nuevos retos.,"El peor de los escenarios es que los estudiantes y las comunidades educativas en general han decaído por el exceso de pérdida de valores morales, gracias a políticas permisivas y leyes que dejarán a los jóvenes a la deriva.",FutureTeacher_Colombia2020,"SenseMakerÂ New WebCollector; Mozilla/5.0 (Windows NT 6.3; WOW64) AppleWebKit/537.36 (KHTML, like Gecko) Chrome/83.0.4103.106 Safari/537.36",245dde44-e9e3-414f-bb31-2e87f8332c53,es
270573fe-c91a-41fc-8c94-476fa962deb9,129,,04:26.1,04:32.1,6.827.241,8.589.744,72.753.177,0.50224036,0.74387175,,86.584.656,72.649.612,61.503.773,0.09782858,0.06291455,,70.189.214,6.837.609,8.614.346,0.89562273,0.05921367,,55.451.903,8.846.154,59.932.666,0.50224036,0.7660769,,7.348.862,8.632.478,63.263.526,0.4948874,0.74757266,,8.526.804,76.923.065,7.039.646,0.108858,0.06661538,,28.109.193,9.718.908,0.9718908,,23.041.606,9.769.584,0.9769584,,,,,,,,,1,,,Docente,Mujer,De 6 a 10 años,De 1 a 2 años,,1,,,Entre 21 y 30 años,Licenciado,Cali,Colegio La Fontaine,"Para prepararse para el futuro desde las instituciones y nuestra rol como docentes y agentes de cambio, debemos empezar por desaprender los hábitos que hemos realizado por mucho tiempo y aprender nuevas tendencias que nos llevaran a entender de una mejor manera la necesidad de nuestros estudiantes y así poder desarrollar habilidades, competencias y un aprendizaje significativo para ellos, permitiendo que la educación tenga un peso grande en la transformación de una nueva generación que nos lleva  muchos desafíos desde nuestro quehacer docente.",#Desafío,"La educación para el 2030  es un pilar fundamental en la sociedad, permitiendo la formación de personas con habilidades y experiencias en distintas áreas, primando la formación en valores, el crecimiento personal y el alcanzar logros de forma satisfactoria. Los cambios que se realizaron permitieron que la educación sea fuerte y obtenga la mejor respuesta de parte de los agentes involucrados en ella, como las instituciones, los docentes, los estudiantes y padres de familia, contribuyendo a la sociedad con personal llenas de curiosidad y herramientas necesarias para desarrollarlas en la época actual.","La educación no ha logrado muchos cambios en los últimos diez años, estamos enfrentando un sistema educativo que se quedo en el pasado y no ha logrado superar las barreras, ni adaptarse a las necesidades de la educación actual, lo cual no ha permitido ver el cambio que se quería ver, las instituciones no piensan en los estudiantes como seres integrales, su enfoque esta fuera de las tendencias actuales y necesidades de las comunidades educativas.",FutureTeacher_Colombia2020,"SenseMakerÂ New WebCollector; Mozilla/5.0 (Windows NT 10.0; Win64; x64) AppleWebKit/537.36 (KHTML, like Gecko) Chrome/83.0.4103.106 Safari/537.36",5b9c8d06-6a00-4494-a5ff-fcbfbe5e580d,es
2238f0ff-73b2-4ce1-b8d1-802d6446fc26,136,,57:14.9,57:17.8,70.786.386,59.829.025,8.693.846,0.89929914,0.051811963,,7.996.701,72.649.612,12.768.024,0.16400506,0.06291455,,646.274,42.735.066,8.926.376,0.91400504,0.037008546,,33.784.885,34.188.034,32.027.073,0.49121094,0.29606837,,3.246.827,34.615.387,32.916.348,0.50224036,0.29976922,,3.463.959,3.247.863,3.288.178,0.49121094,0.28126493,,2.291.227,7.708.773,0.7708773,,2.747.308,7.252.692,0.7252692,,,,,,1,,1,,,,Docente,Mujer,De 11 a 20 años,De 3 a 5 años,1,,,,Entre 31 y 40 años,Normalista,Cali,Colegio La Fontaine,"Para los nuevos retos del futuro debemos ir evolucionando en la forma y el enfoque educativo; ya que nos enfrentamos con características diferentes de niños y niñas, de padres de familia y cambios de vida.Preparándonos con herramientas las cuales nos faciliten un mejor desarrollo de conocimiento, pero sobre todo que la educación sea interactiva y acorde a las necesidades del día a día.",#evolucioneducativa,"Todos los estudiantes con herramientas TIC, desarrollando sus capacidades a través de plataformas las cuales incentiven el conocimiento y practicas individuales.",Deserción académica; padres y estudiantes sin recursos económicos para estudiar ni herramientas las cuales les permita desarrollar sus capacidades. incremento de la delincuencia infantil y drogadiccion.,FutureTeacher_Colombia2020,"SenseMakerÂ New WebCollector; Mozilla/5.0 (Windows NT 6.1; Win64; x64) AppleWebKit/537.36 (KHTML, like Gecko) Chrome/83.0.4103.106 Safari/537.36",f783c443-0076-49ba-91dd-22f3a8022dcb,es
